nama_produk,harga,penjual,lokasi,terjual,rating
Seblak Coet Instan Seblak Coet Rafael Viral Seblak Cobek Sambal Bawang,Rp13.000,Militan Snack,Kab. Sidoarjo,Terjual 22,
"Seblak Instant ""mBak'Well""",Rp15.000,Welly Mart,Tangerang Selatan,Terjual 100+,5.0
SEBLAK JUARA INSTAN MASAK BASAH ASLI BANDUNG ENAK MANTAP,Rp22.000,Rasa Juara Indonesia,Bandung,Terjual 750+,4.9
seblak instan - seblak,Rp4.555,tsr1997,Depok,Terjual 1 rb+,4.9
MASJAY Seblak Bumbu Membara Instant - No.1 Street Food Bandung,Rp15.000,Lidigeli,Kab. Garut,Terjual 70+,5.0
Seblak Instan Pedas Home Made,Rp3.500,the Dhecip,Tangerang Selatan,Terjual 1 rb+,4.8
Seblak ala Kang Rafael | Seblak Viral | Seblak Cobek,Rp9.216,vieka mart official,Tangerang Selatan,Terjual 250+,5.0
Kerupuk Seblak Viral / Kerupuk Mawar Putih Viral Mentah 250gram,Rp8.000,Bumbukeluargakita,Jakarta Barat,Terjual 12,5.0
SEBLAK JELETET MURNI (AJAHH),Rp26.500,Seblak Jeletet Murni,Jakarta Pusat,Terjual 1 rb+,4.9
Kerupuk Mawar Bahan Seblak Babangi 250 Gram,Rp7.000,Alanza Frozen Food,Tangerang Selatan,Terjual 17,5.0
SEBLAK JELETET MURNI (AJAHH),Rp26.500,Seblak Jeletet Murni,Jakarta Pusat,Terjual 1 rb+,4.9
Seblak Basranger Extra Pedas 200gr,Rp17.300,Rak Sebelah,Jakarta Pusat,Terjual 250+,4.9
SEBLAK JELETET MURNI (SEXXY),Rp40.000,Seblak Jeletet Murni,Jakarta Pusat,Terjual 250+,4.9
SEBLAK JELETET MURNI (UNYUU),Rp26.500,Seblak Jeletet Murni,Jakarta Pusat,Terjual 250+,4.8
SEBLAK JELETET MURNI ( BOHAYY),Rp34.000,Seblak Jeletet Murni,Jakarta Pusat,Terjual 750+,4.8
Bundle - Basranger Seblak | Baso Aci Extra Pedas | Tulang Rangu,Rp56.300,Rak Sebelah,Jakarta Pusat,Terjual 100+,4.9
Bundle 3pcs - Seblak Basranger Extra Pedas 200gr Makanan Instan,Rp51.900,Rak Sebelah,Jakarta Pusat,Terjual 40+,4.8
seblak instan ksn,Rp12.000,Dilla frozen,Jakarta Pusat,Terjual 3,5.0
Baso urat djuara sami raos/Baso Aci Urat /Seblak,Rp25.000,Snackzone PP,Jakarta Pusat,Terjual 7,5.0
Seblak Instan Pedas Home Made,Rp3.500,the Dhecip,Tangerang Selatan,Terjual 1 rb+,4.8
seblak instant sajodo snak,Rp19.000,hikmah berkah jaya,Jakarta Barat,Terjual 750+,4.8
Mommy Seblak Basah Instant 100gr,Rp10.000,emmoshop,Kab. Bogor,Terjual 2 rb+,4.9
SEBLAK INSTANT TERMURAH,Rp3.999,Pusat Cuankie & Cemilan Frozen,Jakarta Timur,Terjual 10 rb+,4.8
seblak mamang Rafael versi kering,Rp12.000,Berkahrr,Bekasi,Terjual 10,
SEBLAK KERING PEDAS DAUN JERUK,Rp4.500,BociKakang,Jakarta Selatan,Terjual 500+,4.6
KRUPUK JABLAY PEDAS 500Gram/KRUPUK SEBLAK/SEBLAK KERING/SNACK KILOAN,Rp22.999,Agen Snack Murah,Jakarta Barat,Terjual 40+,4.9
Kerupuk Seblak / Seblak / Kering Pedas /,Rp10.000,Anggris store,Kab. Bogor,Terjual 40+,4.8
kerupuk seblak kencur / kerupuk seblak kering - 250gram,Rp12.000,yumnaa snack,Kab. Bekasi,Terjual 30+,4.9
Seblak Instan Pedas Home Made,Rp3.500,the Dhecip,Tangerang Selatan,Terjual 1 rb+,4.8
seblak instant sajodo snak,Rp19.000,hikmah berkah jaya,Jakarta Barat,Terjual 750+,4.8
SEBLAK INSTANT TERMURAH,Rp3.999,Pusat Cuankie & Cemilan Frozen,Jakarta Timur,Terjual 10 rb+,4.8
Mommy Seblak Basah Instant 100gr,Rp10.000,emmoshop,Kab. Bogor,Terjual 2 rb+,4.9
Seblak ala Kang Rafael | Seblak Viral | Seblak Cobek,Rp9.216,vieka mart official,Tangerang Selatan,Terjual 250+,5.0
KERUPUK SEBLAK VIRAL RAFAEL (MENTAH) 250GR,Rp17.500,TokokelontongSejahtera,Jakarta Barat,Terjual 28,5.0
kerupuk seblak rafael 500gram,Rp13.800,arzy sembako,Kab. Bogor,Terjual 30+,5.0
Kerupuk Aci Mawar | Kerupuk Mawar Putih | Seblak Rafael Viral | 250gr,Rp7.999,Toko NRV Plastik dan Bahan Kue,Bandung,Terjual 100+,5.0
seblak rafael / seblak coet / seblak cocol,Rp7.500,babykhai,Jakarta Timur,Terjual 100+,4.9
Seblak Instan Pedas Home Made,Rp3.500,the Dhecip,Tangerang Selatan,Terjual 1 rb+,4.8
Seblak Instan Komplit Pedas Gurih Nikmat,Rp5.999,Baso Aci Ayang,Kab. Garut,Terjual 2 rb+,4.9
Seblak pedas kerupuk pedas kiloan 1 kg,Rp34.000,RIKI STORE 97,Kab. Bogor,Terjual 70+,4.8
"seblak kering pedas 250 gr/seblak kencur/kerupuk seblak,enak dan gurih",Rp9.999,aghniya,Tangerang Selatan,Terjual 250+,4.8
[READY MEDAN] Kerupuk Bawang Bantet Seblak Pedas Jeruk Murah 100grm,Rp8.000,CemilanPuas,Medan,Terjual 250+,4.9
Kerupuk Mentah seblak 1kg,Rp18.000,DINAYASHOP,Jakarta Barat,Terjual 70+,4.4
KERUPUK SEBLAK PEDAS DAUN JERUK 100 GR,Rp4.500,BociKakang,Jakarta Selatan,Terjual 250+,4.8
Paket Isi 6 Cuanki Instan Lakoca | Batagor Instan | Seblak Basah GFS,Rp93.840,Lakoca Official Shop,Cimahi,Terjual 100+,4.8
KERUPUK SEBLAK PEDAS GURIH MANTUL,Rp5.200,DEEVANA_CAHAYA,Bekasi,,
seblak kencur / okesnack,Rp10.000,oke snack,Jakarta Selatan,Terjual 750+,4.9
SEBLAK BAPPER INSTAN EXTRA HOT,Rp15.900,Ss_Frozenfood,Jakarta Timur,Terjual 100+,4.9
KERUPUK JABLAY SEBLAK PELANGI 250 GRAM,Rp13.580,G Cakery,Jakarta Pusat,Terjual 100+,4.9
seblak instan,Rp4.555,tsr1997,Depok,Terjual 1 rb+,4.9
Bundle 3pcs - Seblak Basranger Extra Pedas 200gr Makanan Instan,Rp51.900,Rak Sebelah,Jakarta Pusat,Terjual 40+,4.8
kerupuk mawar putih kerupuk seblak,Rp6.250,CIPTA-RASA.,Bandung,Terjual 40+,4.7
Seblak Kering Kurupuk Extra Pedas 1Kg Super Renyah&Gurih Asli Bandung ,Rp5.000,FIRMAN TEGAR ADI GUNA,Kab. Bandung,Terjual 6,4.7
Paket Seblak Tjap Harian,Rp10.500,bawang putih tjap harian,Bandung,Terjual 250+,4.9
Siomay Cuanki Kering Isi 25pcs Toping Seblak dan Baso Aci Garut,Rp7.599,gaiagarut,Kab. Garut,Terjual 100+,4.9
siomay mini GURILEM EKONOMIS 50gram Toping Baso Aci Cuanki Seblak,Rp1.710,gaiagarut,Kab. Garut,Terjual 6,4.5
seblak instant komplit bumbu cikruh bandung aufaro snack,Rp6.400,AUFARO SNACK,Kab. Bandung Barat,Terjual 250+,4.9
GURILEM MINI isi 100gr Siomay Kering Toping Baso Aci Cuanki Seblak,Rp3.959,lahawelah,Kab. Garut,Terjual 50+,5.0
Seblak Instan,Rp10.500,RN FROZEN FOOD,Jakarta Selatan,Terjual 50+,4.9
Cuanki/siomay kering-topping baso aci-seblak 200gr,Rp10.000,Kenangan Garut,Kab. Garut,Terjual 750+,5.0
GURILEM MINI isi 250gr Siomay Kering Toping Baso Aci Cuanki Seblak,Rp7.819,gaiagarut,Kab. Garut,Terjual 250+,4.9
GURILEM MINI isi 250gr Siomay Kering Toping Baso Aci Cuanki Seblak,Rp7.819,lahawelah,Kab. Garut,Terjual 100+,4.9
Seblak Instan Pedas Home Made,Rp3.500,the Dhecip,Tangerang Selatan,Terjual 1 rb+,4.8
seblak instant sajodo snak,Rp19.000,hikmah berkah jaya,Jakarta Barat,Terjual 750+,4.8
Mommy Seblak Basah Instant 100gr,Rp10.000,emmoshop,Kab. Bogor,Terjual 2 rb+,4.9
SEBLAK INSTANT TERMURAH,Rp3.999,Pusat Cuankie & Cemilan Frozen,Jakarta Timur,Terjual 10 rb+,4.8
seblak mamang Rafael versi kering,Rp12.000,Berkahrr,Bekasi,Terjual 10,
SEBLAK KERING PEDAS DAUN JERUK,Rp4.500,BociKakang,Jakarta Selatan,Terjual 500+,4.6
KRUPUK JABLAY PEDAS 500Gram/KRUPUK SEBLAK/SEBLAK KERING/SNACK KILOAN,Rp22.999,Agen Snack Murah,Jakarta Barat,Terjual 40+,4.9
Kerupuk Seblak / Seblak / Kering Pedas /,Rp10.000,Anggris store,Kab. Bogor,Terjual 40+,4.8
kerupuk seblak kencur / kerupuk seblak kering - 250gram,Rp12.000,yumnaa snack,Kab. Bekasi,Terjual 30+,4.9
Seblak Instan Pedas Home Made,Rp3.500,the Dhecip,Tangerang Selatan,Terjual 1 rb+,4.8
seblak instant sajodo snak,Rp19.000,hikmah berkah jaya,Jakarta Barat,Terjual 750+,4.8
SEBLAK INSTANT TERMURAH,Rp3.999,Pusat Cuankie & Cemilan Frozen,Jakarta Timur,Terjual 10 rb+,4.8
Mommy Seblak Basah Instant 100gr,Rp10.000,emmoshop,Kab. Bogor,Terjual 2 rb+,4.9
Seblak ala Kang Rafael | Seblak Viral | Seblak Cobek,Rp9.216,vieka mart official,Tangerang Selatan,Terjual 250+,5.0
KERUPUK SEBLAK VIRAL RAFAEL (MENTAH) 250GR,Rp17.500,TokokelontongSejahtera,Jakarta Barat,Terjual 28,5.0
kerupuk seblak rafael 500gram,Rp13.800,arzy sembako,Kab. Bogor,Terjual 30+,5.0
Kerupuk Aci Mawar | Kerupuk Mawar Putih | Seblak Rafael Viral | 250gr,Rp7.999,Toko NRV Plastik dan Bahan Kue,Bandung,Terjual 100+,5.0
seblak rafael / seblak coet / seblak cocol,Rp7.500,babykhai,Jakarta Timur,Terjual 100+,4.9
Seblak Instan Pedas Home Made,Rp3.500,the Dhecip,Tangerang Selatan,Terjual 1 rb+,4.8
Seblak Instan Komplit Pedas Gurih Nikmat,Rp5.999,Baso Aci Ayang,Kab. Garut,Terjual 2 rb+,4.9
Seblak pedas kerupuk pedas kiloan 1 kg,Rp34.000,RIKI STORE 97,Kab. Bogor,Terjual 70+,4.8
"seblak kering pedas 250 gr/seblak kencur/kerupuk seblak,enak dan gurih",Rp9.999,aghniya,Tangerang Selatan,Terjual 250+,4.8
[READY MEDAN] Kerupuk Bawang Bantet Seblak Pedas Jeruk Murah 100grm,Rp8.000,CemilanPuas,Medan,Terjual 250+,4.9
1 ctn - Indomie Hypeabis Seblak Hot Jeletot,Rp 120.800,,,Terjual 8,5.0
1 ctn - Indomie Keriting Rasa Ayam Panggang,Rp 82.750,,,Terjual 80+,5.0
1 ctn - Indomie Goreng Spesial Jumbo,Rp 95.750,,,Terjual 250+,4.8
Kylafood Seblak Rempah Autentik,Rp9.500,Kylafood Jakarta,Jakarta Selatan,Terjual 2,5.0
Seblak Pedas mBakWell Rasanya Mantap Bikin Nagih,Rp15.000,Welly Mart,Tangerang Selatan,,
SamiRaos Baso Aci Geprek Tulang Rangu Seblak Baso Urat Yamin Noodle,Rp18.950,a grow exia (store),Kab. Bantul,Terjual 17,5.0
BASO ACI | BATAGOR | SEBLAK Lembang | Cemilan | Snack | Jajanan Pedas - Baso Aci,Rp24.500,Saung Market Official,Kab. Bandung Barat,Terjual 60+,5.0
Seblak / Seblak Kering / Kerupuk Seblak Kering Pedas,Rp15.000,Bung Boe Snack,Kab. Sumedang,Terjual 40+,5.0
SEBLAK GEPREK SAMIRAOS / SEBLAK MIE / SEBLAK SOUN / SEBLAK INSTAN,Rp17.850,TOBELO SHOP,Tangerang,Terjual 100+,4.8
Kerupuk Kribo /Seblak Mawar Khas Daun Jeruk,Rp11.500,BaroqahSnack,Jakarta Barat,Terjual 40+,5.0
Kerupuk RANTAI 250gr SEBLAK Warna Warni,Rp4.987,yohangunawan94,Bandung,Terjual 500+,5.0
Mommy Seblak Basah Instan 100gr,Rp9.750,Fortuneolshop888,Kab. Bogor,Terjual 250+,4.9
Pilus Cikur 1Kg Khas Garut Topping Baso Aci / Seblak,Rp33.000,Pedas Gilaa,Surabaya,Terjual 250+,4.9
Seblak Instan Pedas Home Made,Rp3.500,the Dhecip,Tangerang Selatan,Terjual 1 rb+,4.8
seblak instant sajodo snak,Rp19.000,hikmah berkah jaya,Jakarta Barat,Terjual 750+,4.8
Mommy Seblak Basah Instant 100gr,Rp10.000,emmoshop,Kab. Bogor,Terjual 2 rb+,4.9
SEBLAK INSTANT TERMURAH,Rp3.999,Pusat Cuankie & Cemilan Frozen,Jakarta Timur,Terjual 10 rb+,4.8
seblak mamang Rafael versi kering,Rp12.000,Berkahrr,Bekasi,Terjual 10,
SEBLAK KERING PEDAS DAUN JERUK,Rp4.500,BociKakang,Jakarta Selatan,Terjual 500+,4.6
KRUPUK JABLAY PEDAS 500Gram/KRUPUK SEBLAK/SEBLAK KERING/SNACK KILOAN,Rp22.999,Agen Snack Murah,Jakarta Barat,Terjual 40+,4.9
Kerupuk Seblak / Seblak / Kering Pedas /,Rp10.000,Anggris store,Kab. Bogor,Terjual 40+,4.8
kerupuk seblak kencur / kerupuk seblak kering - 250gram,Rp12.000,yumnaa snack,Kab. Bekasi,Terjual 30+,4.9
Seblak Instan Pedas Home Made,Rp3.500,the Dhecip,Tangerang Selatan,Terjual 1 rb+,4.8
seblak instant sajodo snak,Rp19.000,hikmah berkah jaya,Jakarta Barat,Terjual 750+,4.8
SEBLAK INSTANT TERMURAH,Rp3.999,Pusat Cuankie & Cemilan Frozen,Jakarta Timur,Terjual 10 rb+,4.8
Mommy Seblak Basah Instant 100gr,Rp10.000,emmoshop,Kab. Bogor,Terjual 2 rb+,4.9
Seblak ala Kang Rafael | Seblak Viral | Seblak Cobek,Rp9.216,vieka mart official,Tangerang Selatan,Terjual 250+,5.0
KERUPUK SEBLAK VIRAL RAFAEL (MENTAH) 250GR,Rp17.500,TokokelontongSejahtera,Jakarta Barat,Terjual 28,5.0
kerupuk seblak rafael 500gram,Rp13.800,arzy sembako,Kab. Bogor,Terjual 30+,5.0
Kerupuk Aci Mawar | Kerupuk Mawar Putih | Seblak Rafael Viral | 250gr,Rp7.999,Toko NRV Plastik dan Bahan Kue,Bandung,Terjual 100+,5.0
seblak rafael / seblak coet / seblak cocol,Rp7.500,babykhai,Jakarta Timur,Terjual 100+,4.9
Seblak Instan Pedas Home Made,Rp3.500,the Dhecip,Tangerang Selatan,Terjual 1 rb+,4.8
Seblak Instan Komplit Pedas Gurih Nikmat,Rp5.999,Baso Aci Ayang,Kab. Garut,Terjual 2 rb+,4.9
Seblak pedas kerupuk pedas kiloan 1 kg,Rp34.000,RIKI STORE 97,Kab. Bogor,Terjual 70+,4.8
"seblak kering pedas 250 gr/seblak kencur/kerupuk seblak,enak dan gurih",Rp9.999,aghniya,Tangerang Selatan,Terjual 250+,4.8
[READY MEDAN] Kerupuk Bawang Bantet Seblak Pedas Jeruk Murah 100grm,Rp8.000,CemilanPuas,Medan,Terjual 250+,4.9
Paket Isi 6 Cuanki Instan Lakoca | Latagor | Seblak | Makaroni,Rp93.840,Lakoca Official Shop,Cimahi,Terjual 30+,4.8
Cuanki lidah murah kiloan isi 150 toping seblak baso aci,Rp32.500,CuankiCulametan,Kab. Garut,Terjual 100+,5.0
Kerupuk Bawang Warna 5 Kg (BALL) Kerupuk Seblak / Kerupuk Mentah / Ker,Rp77.000,Distributor Topping Baso Aci,Bandung,Terjual 2,5.0
kerupuk seblak mini,Rp18.000,Snackzone KK,Jakarta Selatan,Terjual 20,5.0
kerupuk bawang spesial seblak nasi uduk 1kg 1000gr super grosir murah,Rp16.580,Ekosistem Halal,Depok,Terjual 40+,5.0
SIOMAY MINI KERING 250 GRAM BASO ACI/BOCI/SEBLAK/CUANKI/CUANKIE,Rp9.999,ArfaOnlineShop,Tangerang,Terjual 80+,4.9
seblak kerupuk bantat pedas daun jeruk renyah gurih cemilan Hah keripi,Rp25.000,basreng teteh99,Kab. Bandung,Terjual 50+,4.7
Seblak Cilookba original,Rp17.500,Seblak Cilookba,Kab. Bandung Barat,Terjual 50+,5.0
Seblak Bu Etu - Misdaseum / Original,Rp19.900,Bakso Bu Etu,Kab. Bandung,Terjual 500+,4.9
Cipet somay kering segitiga isi 20 pcs toping seblak baso Aci cuanki,Rp6.999,Distributor Cuanki dan Seblak,Kab. Bekasi,Terjual 100+,4.8
Seblak Instan Pedas Home Made,Rp3.500,the Dhecip,Tangerang Selatan,Terjual 1 rb+,4.8
seblak instant sajodo snak,Rp19.000,hikmah berkah jaya,Jakarta Barat,Terjual 750+,4.8
Mommy Seblak Basah Instant 100gr,Rp10.000,emmoshop,Kab. Bogor,Terjual 2 rb+,4.9
SEBLAK INSTANT TERMURAH,Rp3.999,Pusat Cuankie & Cemilan Frozen,Jakarta Timur,Terjual 10 rb+,4.8
seblak mamang Rafael versi kering,Rp12.000,Berkahrr,Bekasi,Terjual 10,
SEBLAK KERING PEDAS DAUN JERUK,Rp4.500,BociKakang,Jakarta Selatan,Terjual 500+,4.6
KRUPUK JABLAY PEDAS 500Gram/KRUPUK SEBLAK/SEBLAK KERING/SNACK KILOAN,Rp22.999,Agen Snack Murah,Jakarta Barat,Terjual 40+,4.9
Kerupuk Seblak / Seblak / Kering Pedas /,Rp10.000,Anggris store,Kab. Bogor,Terjual 40+,4.8
kerupuk seblak kencur / kerupuk seblak kering - 250gram,Rp12.000,yumnaa snack,Kab. Bekasi,Terjual 30+,4.9
Seblak Instan Pedas Home Made,Rp3.500,the Dhecip,Tangerang Selatan,Terjual 1 rb+,4.8
seblak instant sajodo snak,Rp19.000,hikmah berkah jaya,Jakarta Barat,Terjual 750+,4.8
SEBLAK INSTANT TERMURAH,Rp3.999,Pusat Cuankie & Cemilan Frozen,Jakarta Timur,Terjual 10 rb+,4.8
Mommy Seblak Basah Instant 100gr,Rp10.000,emmoshop,Kab. Bogor,Terjual 2 rb+,4.9
Seblak ala Kang Rafael | Seblak Viral | Seblak Cobek,Rp9.216,vieka mart official,Tangerang Selatan,Terjual 250+,5.0
KERUPUK SEBLAK VIRAL RAFAEL (MENTAH) 250GR,Rp17.500,TokokelontongSejahtera,Jakarta Barat,Terjual 28,5.0
kerupuk seblak rafael 500gram,Rp13.800,arzy sembako,Kab. Bogor,Terjual 30+,5.0
Kerupuk Aci Mawar | Kerupuk Mawar Putih | Seblak Rafael Viral | 250gr,Rp7.999,Toko NRV Plastik dan Bahan Kue,Bandung,Terjual 100+,5.0
seblak rafael / seblak coet / seblak cocol,Rp7.500,babykhai,Jakarta Timur,Terjual 100+,4.9
Seblak Instan Pedas Home Made,Rp3.500,the Dhecip,Tangerang Selatan,Terjual 1 rb+,4.8
Seblak Instan Komplit Pedas Gurih Nikmat,Rp5.999,Baso Aci Ayang,Kab. Garut,Terjual 2 rb+,4.9
Seblak pedas kerupuk pedas kiloan 1 kg,Rp34.000,RIKI STORE 97,Kab. Bogor,Terjual 70+,4.8
"seblak kering pedas 250 gr/seblak kencur/kerupuk seblak,enak dan gurih",Rp9.999,aghniya,Tangerang Selatan,Terjual 250+,4.8
[READY MEDAN] Kerupuk Bawang Bantet Seblak Pedas Jeruk Murah 100grm,Rp8.000,CemilanPuas,Medan,Terjual 250+,4.9
Seblak kering/ kerupuk seblak bumbu daun jeruk 250gr - pedas 250 gr,Rp12.900,Bonsnack.,Kab. Cianjur,Terjual 4,5.0
Kerupuk seblak merah,Rp18.000,Snackzone KK,Jakarta Selatan,Terjual 28,4.9
CUANKI TAHU KERING isi 500pcs Topping SEBLAK Cuanki Baso Aci,Rp175.000,jajanangarut19,Jakarta Selatan,Terjual 10,5.0
Paket Isi 6 Makaroni Basah Instan | Seblak Basah Instan,Rp93.840,Lakoca Official Shop,Cimahi,Terjual 14,4.8
Paket Adha 4 - Dimsum; Seblak Kering; Panzerotti; Seblak Komplit Kuah,Rp107.000,kanskitchen,Bekasi,,
Kerupuk indosari gado gado dan seblak,Rp18.900,Agen bawang goreng mas YO,Kab. Bogor,Terjual 90+,4.9
SEBLAK INSTAN MOMMY,Rp13.500,Rav Jaya Display,Kab. Tangerang,Terjual 1 rb+,4.8
U Mart - Kerupuk Merah Gado Gado/Bubur Ayam 1 kg Krupuk Orange Seblak,Rp19.000,U Mart Indonesia,Jakarta Selatan,Terjual 70+,4.9
seblak kerupuk bantet kering 75 gram,Rp5.000,RIKI STORE 97,Kab. Bogor,Terjual 90+,4.7
5 Pcs - Indomie HypeAbis Rasa Seblak Hot Jeletot,Rp16.000,Indomie Official Store,Tangerang Selatan,Terjual 500+,4.9
Seblak Instan Pedas Home Made,Rp3.500,the Dhecip,Tangerang Selatan,Terjual 1 rb+,4.8
seblak instant sajodo snak,Rp19.000,hikmah berkah jaya,Jakarta Barat,Terjual 750+,4.8
Mommy Seblak Basah Instant 100gr,Rp10.000,emmoshop,Kab. Bogor,Terjual 2 rb+,4.9
SEBLAK INSTANT TERMURAH,Rp3.999,Pusat Cuankie & Cemilan Frozen,Jakarta Timur,Terjual 10 rb+,4.8
seblak mamang Rafael versi kering,Rp12.000,Berkahrr,Bekasi,Terjual 10,
SEBLAK KERING PEDAS DAUN JERUK,Rp4.500,BociKakang,Jakarta Selatan,Terjual 500+,4.6
KRUPUK JABLAY PEDAS 500Gram/KRUPUK SEBLAK/SEBLAK KERING/SNACK KILOAN,Rp22.999,Agen Snack Murah,Jakarta Barat,Terjual 40+,4.9
Kerupuk Seblak / Seblak / Kering Pedas /,Rp10.000,Anggris store,Kab. Bogor,Terjual 40+,4.8
kerupuk seblak kencur / kerupuk seblak kering - 250gram,Rp12.000,yumnaa snack,Kab. Bekasi,Terjual 30+,4.9
Seblak Instan Pedas Home Made,Rp3.500,the Dhecip,Tangerang Selatan,Terjual 1 rb+,4.8
seblak instant sajodo snak,Rp19.000,hikmah berkah jaya,Jakarta Barat,Terjual 750+,4.8
SEBLAK INSTANT TERMURAH,Rp3.999,Pusat Cuankie & Cemilan Frozen,Jakarta Timur,Terjual 10 rb+,4.8
Mommy Seblak Basah Instant 100gr,Rp10.000,emmoshop,Kab. Bogor,Terjual 2 rb+,4.9
Seblak ala Kang Rafael | Seblak Viral | Seblak Cobek,Rp9.216,vieka mart official,Tangerang Selatan,Terjual 250+,5.0
KERUPUK SEBLAK VIRAL RAFAEL (MENTAH) 250GR,Rp17.500,TokokelontongSejahtera,Jakarta Barat,Terjual 28,5.0
kerupuk seblak rafael 500gram,Rp13.800,arzy sembako,Kab. Bogor,Terjual 30+,5.0
Kerupuk Aci Mawar | Kerupuk Mawar Putih | Seblak Rafael Viral | 250gr,Rp7.999,Toko NRV Plastik dan Bahan Kue,Bandung,Terjual 100+,5.0
seblak rafael / seblak coet / seblak cocol,Rp7.500,babykhai,Jakarta Timur,Terjual 100+,4.9
Seblak Instan Pedas Home Made,Rp3.500,the Dhecip,Tangerang Selatan,Terjual 1 rb+,4.8
Seblak Instan Komplit Pedas Gurih Nikmat,Rp5.999,Baso Aci Ayang,Kab. Garut,Terjual 2 rb+,4.9
Seblak pedas kerupuk pedas kiloan 1 kg,Rp34.000,RIKI STORE 97,Kab. Bogor,Terjual 70+,4.8
"seblak kering pedas 250 gr/seblak kencur/kerupuk seblak,enak dan gurih",Rp9.999,aghniya,Tangerang Selatan,Terjual 250+,4.8
[READY MEDAN] Kerupuk Bawang Bantet Seblak Pedas Jeruk Murah 100grm,Rp8.000,CemilanPuas,Medan,Terjual 250+,4.9
seblak instan mie toppoki om brewok,Rp16.000,Muysproduct,Kab. Bogor,,
Soun Seblak Geprek Geprek Instan Sami Raos 125gr,Rp18.000,Zahran Frozen Foods,Bandung,Terjual 4,5.0
Kerupuk Seblak Kencur Pedas 50gr ANABA,Rp2.881,Siaga Lapak,Malang,,
Paket Isi 4 Batagor Instan | Makaroni Basah | Seblak Basah,Rp64.906,Lakoca Official Shop,Cimahi,Terjual 30+,4.9
cuanki tahu geprek isi 50 murah toping seblak baso aci,Rp19.000,CuankiCulametan,Kab. Garut,Terjual 50+,4.7
KRUPUK SEBLAK STICK/SNACK KILOAN,Rp12.000,BaroqahSnack,Jakarta Barat,Terjual 40+,5.0
Seblak Instant Basranger Extra Pedas Daun Jeruk (200gr),Rp17.300,Gerai Snack Official Shop,Kab. Tangerang,Terjual 100+,4.8
COMBO HALU! 3PC SEBLAK MIE HALU - EMAK INDAH FOOD,Rp59.400,Pempek Emak Indah,Jakarta Barat,Terjual 23,5.0
PAKET MIX HEMAT 50 BASO ACI/BOCI/SEBLAK/CUANKI,Rp85.000,ArfaOnlineShop,Tangerang,Terjual 30+,5.0
Kerupuk Jablay/ Kerupuk Seblak Pedas.,Rp10.000,DapoerOeti,Jakarta Barat,Terjual 28,4.5
Seblak Instan Pedas Home Made,Rp3.500,the Dhecip,Tangerang Selatan,Terjual 1 rb+,4.8
seblak instant sajodo snak,Rp19.000,hikmah berkah jaya,Jakarta Barat,Terjual 750+,4.8
Mommy Seblak Basah Instant 100gr,Rp10.000,emmoshop,Kab. Bogor,Terjual 2 rb+,4.9
SEBLAK INSTANT TERMURAH,Rp3.999,Pusat Cuankie & Cemilan Frozen,Jakarta Timur,Terjual 10 rb+,4.8
seblak mamang Rafael versi kering,Rp12.000,Berkahrr,Bekasi,Terjual 10,
SEBLAK KERING PEDAS DAUN JERUK,Rp4.500,BociKakang,Jakarta Selatan,Terjual 500+,4.6
KRUPUK JABLAY PEDAS 500Gram/KRUPUK SEBLAK/SEBLAK KERING/SNACK KILOAN,Rp22.999,Agen Snack Murah,Jakarta Barat,Terjual 40+,4.9
Kerupuk Seblak / Seblak / Kering Pedas /,Rp10.000,Anggris store,Kab. Bogor,Terjual 40+,4.8
kerupuk seblak kencur / kerupuk seblak kering - 250gram,Rp12.000,yumnaa snack,Kab. Bekasi,Terjual 30+,4.9
Seblak Instan Pedas Home Made,Rp3.500,the Dhecip,Tangerang Selatan,Terjual 1 rb+,4.8
seblak instant sajodo snak,Rp19.000,hikmah berkah jaya,Jakarta Barat,Terjual 750+,4.8
SEBLAK INSTANT TERMURAH,Rp3.999,Pusat Cuankie & Cemilan Frozen,Jakarta Timur,Terjual 10 rb+,4.8
Mommy Seblak Basah Instant 100gr,Rp10.000,emmoshop,Kab. Bogor,Terjual 2 rb+,4.9
Seblak ala Kang Rafael | Seblak Viral | Seblak Cobek,Rp9.216,vieka mart official,Tangerang Selatan,Terjual 250+,5.0
KERUPUK SEBLAK VIRAL RAFAEL (MENTAH) 250GR,Rp17.500,TokokelontongSejahtera,Jakarta Barat,Terjual 28,5.0
kerupuk seblak rafael 500gram,Rp13.800,arzy sembako,Kab. Bogor,Terjual 30+,5.0
Kerupuk Aci Mawar | Kerupuk Mawar Putih | Seblak Rafael Viral | 250gr,Rp7.999,Toko NRV Plastik dan Bahan Kue,Bandung,Terjual 100+,5.0
seblak rafael / seblak coet / seblak cocol,Rp7.500,babykhai,Jakarta Timur,Terjual 100+,4.9
Seblak Instan Pedas Home Made,Rp3.500,the Dhecip,Tangerang Selatan,Terjual 1 rb+,4.8
Seblak Instan Komplit Pedas Gurih Nikmat,Rp5.999,Baso Aci Ayang,Kab. Garut,Terjual 2 rb+,4.9
Seblak pedas kerupuk pedas kiloan 1 kg,Rp34.000,RIKI STORE 97,Kab. Bogor,Terjual 70+,4.8
"seblak kering pedas 250 gr/seblak kencur/kerupuk seblak,enak dan gurih",Rp9.999,aghniya,Tangerang Selatan,Terjual 250+,4.8
[READY MEDAN] Kerupuk Bawang Bantet Seblak Pedas Jeruk Murah 100grm,Rp8.000,CemilanPuas,Medan,Terjual 250+,4.9
SEBRING snack seblak kering kriuk - Pedas,Rp26.000,snack darling,Kab. Bandung Barat,,
PAKET HEMAT (2 Seblak original - Seblak Karuhun - Cireng Bumbu Rujak),Rp53.250,kylafood,Bandung,Terjual 750+,4.9
seblak kerupuk bantet pedas-kerupuk bantet wana-seblak pedas-seblak,Rp15.000,Juhalim Store,Kab. Garut,Terjual 15,5.0
Mie Seblak Geprek Sami Raos Khas Garut Seblak Instant Kekinian 160gr,Rp18.700,Gerai Snack Official Shop,Kab. Tangerang,Terjual 100+,4.8
"Kerupuk Seblak Bantet, Kerupuk Seblak Bawang, Kerupuk Bawang Gurih - Kripset",Rp14.688,Lscorp_id,Tangerang Selatan,,
Soun Seblak Geprek SAMI RAOS Khas Garut - Soun Seblak,Rp19.500,Foodstocks,Jakarta Selatan,Terjual 27,4.7
BARU! KERUPUK SEBLAK - TERMURAH [100gram],Rp7.500,Aflah Snack,Bekasi,Terjual 100+,4.7
Kerupuk Seblak Mawar / kribo pedas 200 gram,Rp10.000,Hosana Snack,Bogor,Terjual 250+,4.7
SamiRaos Baso Aci Geprek Tulang Rangu Seblak Baso Urat Yamin Noodle,Rp18.950,a grow exia (store),Kab. Bantul,Terjual 17,5.0
KRURPUK SEBLAK / KRUPUK BAWANG PEDAS JUMBO 150 GRAM,Rp11.000,temencemalcemil,Jakarta Barat,Terjual 16,4.8
Seblak Instan Pedas Home Made,Rp3.500,the Dhecip,Tangerang Selatan,Terjual 1 rb+,4.8
seblak instant sajodo snak,Rp19.000,hikmah berkah jaya,Jakarta Barat,Terjual 750+,4.8
Mommy Seblak Basah Instant 100gr,Rp10.000,emmoshop,Kab. Bogor,Terjual 2 rb+,4.9
SEBLAK INSTANT TERMURAH,Rp3.999,Pusat Cuankie & Cemilan Frozen,Jakarta Timur,Terjual 10 rb+,4.8
seblak mamang Rafael versi kering,Rp12.000,Berkahrr,Bekasi,Terjual 10,
SEBLAK KERING PEDAS DAUN JERUK,Rp4.500,BociKakang,Jakarta Selatan,Terjual 500+,4.6
KRUPUK JABLAY PEDAS 500Gram/KRUPUK SEBLAK/SEBLAK KERING/SNACK KILOAN,Rp22.999,Agen Snack Murah,Jakarta Barat,Terjual 40+,4.9
Kerupuk Seblak / Seblak / Kering Pedas /,Rp10.000,Anggris store,Kab. Bogor,Terjual 40+,4.8
kerupuk seblak kencur / kerupuk seblak kering - 250gram,Rp12.000,yumnaa snack,Kab. Bekasi,Terjual 30+,4.9
Seblak Instan Pedas Home Made,Rp3.500,the Dhecip,Tangerang Selatan,Terjual 1 rb+,4.8
seblak instant sajodo snak,Rp19.000,hikmah berkah jaya,Jakarta Barat,Terjual 750+,4.8
SEBLAK INSTANT TERMURAH,Rp3.999,Pusat Cuankie & Cemilan Frozen,Jakarta Timur,Terjual 10 rb+,4.8
Mommy Seblak Basah Instant 100gr,Rp10.000,emmoshop,Kab. Bogor,Terjual 2 rb+,4.9
Seblak ala Kang Rafael | Seblak Viral | Seblak Cobek,Rp9.216,vieka mart official,Tangerang Selatan,Terjual 250+,5.0
KERUPUK SEBLAK VIRAL RAFAEL (MENTAH) 250GR,Rp17.500,TokokelontongSejahtera,Jakarta Barat,Terjual 28,5.0
kerupuk seblak rafael 500gram,Rp13.800,arzy sembako,Kab. Bogor,Terjual 30+,5.0
Kerupuk Aci Mawar | Kerupuk Mawar Putih | Seblak Rafael Viral | 250gr,Rp7.999,Toko NRV Plastik dan Bahan Kue,Bandung,Terjual 100+,5.0
seblak rafael / seblak coet / seblak cocol,Rp7.500,babykhai,Jakarta Timur,Terjual 100+,4.9
Seblak Instan Pedas Home Made,Rp3.500,the Dhecip,Tangerang Selatan,Terjual 1 rb+,4.8
Seblak Instan Komplit Pedas Gurih Nikmat,Rp5.999,Baso Aci Ayang,Kab. Garut,Terjual 2 rb+,4.9
Seblak pedas kerupuk pedas kiloan 1 kg,Rp34.000,RIKI STORE 97,Kab. Bogor,Terjual 70+,4.8
"seblak kering pedas 250 gr/seblak kencur/kerupuk seblak,enak dan gurih",Rp9.999,aghniya,Tangerang Selatan,Terjual 250+,4.8
[READY MEDAN] Kerupuk Bawang Bantet Seblak Pedas Jeruk Murah 100grm,Rp8.000,CemilanPuas,Medan,Terjual 250+,4.9
seblak instan YS,Rp5.500,yossy food,Kab. Karawang,Terjual 500+,
Seblak Bapper Bikin Nagih Parah Extra Mie Kuning 120gr,Rp18.300,Gerai Snack Official Shop,Kab. Tangerang,Terjual 50+,4.9
kerupuk seblak kering pedas termurah,Rp14.900,CHOCOLAJIT_STORE,Kab. Bandung Barat,Terjual 3,5.0
kerupuk seblak pedas 1 kg - 250 gr,Rp13.500,Bintang Snack & Camilan,Semarang,Terjual 100+,5.0
"Seblak kuah instan , Seblak khas garut",Rp6.000,iwan resistans leather,Kab. Garut,Terjual 15,4.7
KERUPUK SEBLAK KENCUR PEDAS 1kG,Rp45.000,AQILA FROZEN FOOD JAKARTA,Jakarta Selatan,Terjual 40+,4.8
Kerupuk seblak pedas,Rp15.900,Tukangsayurmbakyu,Tangerang Selatan,Terjual 60+,4.6
Kerupuk Krupuk Seblak Putih Kering Pedas Oleh Oleh Bandung Odjolali,Rp10.500,Storio Store,Tangerang Selatan,Terjual 30+,4.5
batagor mini kering / cuanki / siomay / seblak / bakso aci,Rp14.000,fahirastores,Kab. Bandung Barat,Terjual 100+,4.9
KERUPUK SEBLAK VIRAL RAFAEL ,Rp5.500,D'gegaresan,Jakarta Utara,Terjual 90+,5.0
Seblak Instan Pedas Home Made,Rp3.500,the Dhecip,Tangerang Selatan,Terjual 1 rb+,4.8
seblak instant sajodo snak,Rp19.000,hikmah berkah jaya,Jakarta Barat,Terjual 750+,4.8
Mommy Seblak Basah Instant 100gr,Rp10.000,emmoshop,Kab. Bogor,Terjual 2 rb+,4.9
SEBLAK INSTANT TERMURAH,Rp3.999,Pusat Cuankie & Cemilan Frozen,Jakarta Timur,Terjual 10 rb+,4.8
seblak mamang Rafael versi kering,Rp12.000,Berkahrr,Bekasi,Terjual 10,
SEBLAK KERING PEDAS DAUN JERUK,Rp4.500,BociKakang,Jakarta Selatan,Terjual 500+,4.6
KRUPUK JABLAY PEDAS 500Gram/KRUPUK SEBLAK/SEBLAK KERING/SNACK KILOAN,Rp22.999,Agen Snack Murah,Jakarta Barat,Terjual 40+,4.9
Kerupuk Seblak / Seblak / Kering Pedas /,Rp10.000,Anggris store,Kab. Bogor,Terjual 40+,4.8
kerupuk seblak kencur / kerupuk seblak kering - 250gram,Rp12.000,yumnaa snack,Kab. Bekasi,Terjual 30+,4.9
Seblak Instan Pedas Home Made,Rp3.500,the Dhecip,Tangerang Selatan,Terjual 1 rb+,4.8
seblak instant sajodo snak,Rp19.000,hikmah berkah jaya,Jakarta Barat,Terjual 750+,4.8
SEBLAK INSTANT TERMURAH,Rp3.999,Pusat Cuankie & Cemilan Frozen,Jakarta Timur,Terjual 10 rb+,4.8
Mommy Seblak Basah Instant 100gr,Rp10.000,emmoshop,Kab. Bogor,Terjual 2 rb+,4.9
Seblak ala Kang Rafael | Seblak Viral | Seblak Cobek,Rp9.216,vieka mart official,Tangerang Selatan,Terjual 250+,5.0
KERUPUK SEBLAK VIRAL RAFAEL (MENTAH) 250GR,Rp17.500,TokokelontongSejahtera,Jakarta Barat,Terjual 28,5.0
kerupuk seblak rafael 500gram,Rp13.800,arzy sembako,Kab. Bogor,Terjual 30+,5.0
Kerupuk Aci Mawar | Kerupuk Mawar Putih | Seblak Rafael Viral | 250gr,Rp7.999,Toko NRV Plastik dan Bahan Kue,Bandung,Terjual 100+,5.0
seblak rafael / seblak coet / seblak cocol,Rp7.500,babykhai,Jakarta Timur,Terjual 100+,4.9
Seblak Instan Pedas Home Made,Rp3.500,the Dhecip,Tangerang Selatan,Terjual 1 rb+,4.8
Seblak Instan Komplit Pedas Gurih Nikmat,Rp5.999,Baso Aci Ayang,Kab. Garut,Terjual 2 rb+,4.9
Seblak pedas kerupuk pedas kiloan 1 kg,Rp34.000,RIKI STORE 97,Kab. Bogor,Terjual 70+,4.8
"seblak kering pedas 250 gr/seblak kencur/kerupuk seblak,enak dan gurih",Rp9.999,aghniya,Tangerang Selatan,Terjual 250+,4.8
[READY MEDAN] Kerupuk Bawang Bantet Seblak Pedas Jeruk Murah 100grm,Rp8.000,CemilanPuas,Medan,Terjual 250+,4.9
Batagor Bandung,Rp40.000,Kopi Aroma Nusantara,Jakarta Selatan,,
Seblak Mie Baso k.y.l Kylafood,Rp21.465,kylafood,Bandung,Terjual 4 rb+,4.9
"Keripik Seblak Pedas / Snack Spicy Homemade, Cemilan, Kerupuk - 100 gr",Rp12.000,Cookies & Snack,Denpasar,,
Seblak Original k.y.l Kylafood,Rp16.605,kylafood,Bandung,Terjual 10 rb+,4.9
Seblak Pedas Kicimpring Iyagasih,Rp15.000,Gerai Singawada,Kab. Majalengka,Terjual 6,5.0
Cuanki tahu Gepeng Geprek isi 20 pcs toping seblak baso Aci baso,Rp8.500,Distributor Cuanki dan Seblak,Kab. Bekasi,Terjual 60+,4.8
KRUPUK / KERUPUK MENTAH / KERUPUK SEBLAK MENTAH 200gr SLONDOK,Rp5.000,SuperSnacksShop,Kab. Bandung,Terjual 100+,4.8
cuanki tahu pasung kering toping seblak baso Aci bakso cuanki 50 pcs,Rp15.000,Distributor Cuanki dan Seblak,Kab. Bekasi,Terjual 70+,4.9
BOBOKO Kerupuk Seblak Kering,Rp13.999,Kenal Jaya Bandung,Bandung,Terjual 100+,5.0
[TERMURAH!!] Seblak Instant Basranger Extra Pedas 200gram,Rp13.790,duniacemilan,Bandung,Terjual 100+,5.0
Seblak Instan Pedas Home Made,Rp3.500,the Dhecip,Tangerang Selatan,Terjual 1 rb+,4.8
seblak instant sajodo snak,Rp19.000,hikmah berkah jaya,Jakarta Barat,Terjual 750+,4.8
Mommy Seblak Basah Instant 100gr,Rp10.000,emmoshop,Kab. Bogor,Terjual 2 rb+,4.9
SEBLAK INSTANT TERMURAH,Rp3.999,Pusat Cuankie & Cemilan Frozen,Jakarta Timur,Terjual 10 rb+,4.8
seblak mamang Rafael versi kering,Rp12.000,Berkahrr,Bekasi,Terjual 10,
SEBLAK KERING PEDAS DAUN JERUK,Rp4.500,BociKakang,Jakarta Selatan,Terjual 500+,4.6
KRUPUK JABLAY PEDAS 500Gram/KRUPUK SEBLAK/SEBLAK KERING/SNACK KILOAN,Rp22.999,Agen Snack Murah,Jakarta Barat,Terjual 40+,4.9
Kerupuk Seblak / Seblak / Kering Pedas /,Rp10.000,Anggris store,Kab. Bogor,Terjual 40+,4.8
kerupuk seblak kencur / kerupuk seblak kering - 250gram,Rp12.000,yumnaa snack,Kab. Bekasi,Terjual 30+,4.9
Seblak Instan Pedas Home Made,Rp3.500,the Dhecip,Tangerang Selatan,Terjual 1 rb+,4.8
seblak instant sajodo snak,Rp19.000,hikmah berkah jaya,Jakarta Barat,Terjual 750+,4.8
SEBLAK INSTANT TERMURAH,Rp3.999,Pusat Cuankie & Cemilan Frozen,Jakarta Timur,Terjual 10 rb+,4.8
Mommy Seblak Basah Instant 100gr,Rp10.000,emmoshop,Kab. Bogor,Terjual 2 rb+,4.9
Seblak ala Kang Rafael | Seblak Viral | Seblak Cobek,Rp9.216,vieka mart official,Tangerang Selatan,Terjual 250+,5.0
KERUPUK SEBLAK VIRAL RAFAEL (MENTAH) 250GR,Rp17.500,TokokelontongSejahtera,Jakarta Barat,Terjual 28,5.0
kerupuk seblak rafael 500gram,Rp13.800,arzy sembako,Kab. Bogor,Terjual 30+,5.0
Kerupuk Aci Mawar | Kerupuk Mawar Putih | Seblak Rafael Viral | 250gr,Rp7.999,Toko NRV Plastik dan Bahan Kue,Bandung,Terjual 100+,5.0
seblak rafael / seblak coet / seblak cocol,Rp7.500,babykhai,Jakarta Timur,Terjual 100+,4.9
Seblak Instan Pedas Home Made,Rp3.500,the Dhecip,Tangerang Selatan,Terjual 1 rb+,4.8
Seblak Instan Komplit Pedas Gurih Nikmat,Rp5.999,Baso Aci Ayang,Kab. Garut,Terjual 2 rb+,4.9
Seblak pedas kerupuk pedas kiloan 1 kg,Rp34.000,RIKI STORE 97,Kab. Bogor,Terjual 70+,4.8
"seblak kering pedas 250 gr/seblak kencur/kerupuk seblak,enak dan gurih",Rp9.999,aghniya,Tangerang Selatan,Terjual 250+,4.8
[READY MEDAN] Kerupuk Bawang Bantet Seblak Pedas Jeruk Murah 100grm,Rp8.000,CemilanPuas,Medan,Terjual 250+,4.9
Basreng Sangarrr,Rp19.900,The Little Snacks,Tangerang Selatan,Terjual 750+,4.7
cuanki siomay mini gurilem 1 ons toping seblak baso aci,Rp3.000,CuankiCulametan,Kab. Garut,Terjual 40+,5.0
LepLep - Basreng,Rp9.500,101_Project,Tangerang,Terjual 250+,4.8
"Paket Cemilan Cup Instan Praktis (Batagor, Cuanki, Seblak Basah)",Rp59.000,The Little Snacks,Tangerang Selatan,Terjual 250+,4.9
Seblak Bapper Bikin Nagih Parah Extra Mie Kuning 120gr,Rp18.300,Gerai Snack Official Shop,Kab. Tangerang,Terjual 50+,4.9
Seblak Juara / Seblak Instan Asli Bandung,Rp18.500,Yen's Baby & Kid Official Shop,Bandung,Terjual 50+,5.0
kerupuk seblak pedas daun jeruk,Rp9.900,afif jaya cemilan,Surabaya,Terjual 100+,4.9
INDOMIE SEBLAK HOT JELETOT 75G (1C=40PCS),Rp3.100,Yogya Online Supermarket,Bogor,Terjual 250+,4.8
KERUPUK SEBLAK 250gr / KRUPUK SEBLAK DAUN JERUK / SEBLAK PEDAS,Rp12.500,Dapur Sehat21,Kab. Bandung,Terjual 100+,4.9
seblak ceker pedas (isi 15),Rp11.800,tokomakmurjaya_68,Tangerang Selatan,Terjual 6,4.3
Seblak Instan Pedas Home Made,Rp3.500,the Dhecip,Tangerang Selatan,Terjual 1 rb+,4.8
seblak instant sajodo snak,Rp19.000,hikmah berkah jaya,Jakarta Barat,Terjual 750+,4.8
Mommy Seblak Basah Instant 100gr,Rp10.000,emmoshop,Kab. Bogor,Terjual 2 rb+,4.9
SEBLAK INSTANT TERMURAH,Rp3.999,Pusat Cuankie & Cemilan Frozen,Jakarta Timur,Terjual 10 rb+,4.8
seblak mamang Rafael versi kering,Rp12.000,Berkahrr,Bekasi,Terjual 10,
SEBLAK KERING PEDAS DAUN JERUK,Rp4.500,BociKakang,Jakarta Selatan,Terjual 500+,4.6
KRUPUK JABLAY PEDAS 500Gram/KRUPUK SEBLAK/SEBLAK KERING/SNACK KILOAN,Rp22.999,Agen Snack Murah,Jakarta Barat,Terjual 40+,4.9
Kerupuk Seblak / Seblak / Kering Pedas /,Rp10.000,Anggris store,Kab. Bogor,Terjual 40+,4.8
kerupuk seblak kencur / kerupuk seblak kering - 250gram,Rp12.000,yumnaa snack,Kab. Bekasi,Terjual 30+,4.9
Seblak Instan Pedas Home Made,Rp3.500,the Dhecip,Tangerang Selatan,Terjual 1 rb+,4.8
seblak instant sajodo snak,Rp19.000,hikmah berkah jaya,Jakarta Barat,Terjual 750+,4.8
SEBLAK INSTANT TERMURAH,Rp3.999,Pusat Cuankie & Cemilan Frozen,Jakarta Timur,Terjual 10 rb+,4.8
Mommy Seblak Basah Instant 100gr,Rp10.000,emmoshop,Kab. Bogor,Terjual 2 rb+,4.9
Seblak ala Kang Rafael | Seblak Viral | Seblak Cobek,Rp9.216,vieka mart official,Tangerang Selatan,Terjual 250+,5.0
KERUPUK SEBLAK VIRAL RAFAEL (MENTAH) 250GR,Rp17.500,TokokelontongSejahtera,Jakarta Barat,Terjual 28,5.0
kerupuk seblak rafael 500gram,Rp13.800,arzy sembako,Kab. Bogor,Terjual 30+,5.0
Kerupuk Aci Mawar | Kerupuk Mawar Putih | Seblak Rafael Viral | 250gr,Rp7.999,Toko NRV Plastik dan Bahan Kue,Bandung,Terjual 100+,5.0
seblak rafael / seblak coet / seblak cocol,Rp7.500,babykhai,Jakarta Timur,Terjual 100+,4.9
Seblak Instan Pedas Home Made,Rp3.500,the Dhecip,Tangerang Selatan,Terjual 1 rb+,4.8
Seblak Instan Komplit Pedas Gurih Nikmat,Rp5.999,Baso Aci Ayang,Kab. Garut,Terjual 2 rb+,4.9
Seblak pedas kerupuk pedas kiloan 1 kg,Rp34.000,RIKI STORE 97,Kab. Bogor,Terjual 70+,4.8
"seblak kering pedas 250 gr/seblak kencur/kerupuk seblak,enak dan gurih",Rp9.999,aghniya,Tangerang Selatan,Terjual 250+,4.8
[READY MEDAN] Kerupuk Bawang Bantet Seblak Pedas Jeruk Murah 100grm,Rp8.000,CemilanPuas,Medan,Terjual 250+,4.9
